{
    "evaluation_frequency": {
        "frequency": 1,
        "period": "epoch"
    },
    "test": {
        "combined": {
            "loss": [
                1.3341233730316162,
                1.3167341947555542,
                1.3097206354141235
            ]
        },
        "output": {
            "loss": [
                1.3341233730316162,
                1.3167341947555542,
                1.3097206354141235
            ],
            "next_token_perplexity": [
                17393.201171875,
                17213.486328125,
                17175.7265625
            ],
            "perplexity": [
                31838.697265625,
                31854.58203125,
                31849.69140625
            ],
            "sequence_accuracy": [
                0.0,
                0.0,
                0.0
            ],
            "token_accuracy": [
                0.002636547666043043,
                0.002260525245219469,
                0.0023311590775847435
            ]
        }
    },
    "training": {
        "combined": {
            "loss": [
                1.0952892303466797,
                0.9042026400566101,
                0.811592698097229
            ]
        },
        "output": {
            "loss": [
                1.0952892303466797,
                0.9042026400566101,
                0.811592698097229
            ],
            "next_token_perplexity": [
                16500.5546875,
                15979.30078125,
                15609.1572265625
            ],
            "perplexity": [
                31839.607421875,
                31813.35546875,
                31850.662109375
            ],
            "sequence_accuracy": [
                0.0,
                0.0,
                0.0
            ],
            "token_accuracy": [
                0.0021502329036593437,
                0.002604010747745633,
                0.00221297238022089
            ]
        }
    },
    "validation": {
        "combined": {
            "loss": [
                1.3241609334945679,
                1.3091520071029663,
                1.30503511428833
            ]
        },
        "output": {
            "loss": [
                1.3241609334945679,
                1.3091520071029663,
                1.30503511428833
            ],
            "next_token_perplexity": [
                17344.025390625,
                17167.751953125,
                17122.6328125
            ],
            "perplexity": [
                31859.3515625,
                31872.75390625,
                31870.26171875
            ],
            "sequence_accuracy": [
                0.0,
                0.0,
                0.0
            ],
            "token_accuracy": [
                0.0018617963651195168,
                0.0016764577012509108,
                0.0016544898971915245
            ]
        }
    }
}